label,L_x0,L_y0,L_z0,L_x1,L_y1,L_z1,L_x2,L_y2,L_z2,L_x3,L_y3,L_z3,L_x4,L_y4,L_z4,L_x5,L_y5,L_z5,L_x6,L_y6,L_z6,L_x7,L_y7,L_z7,L_x8,L_y8,L_z8,L_x9,L_y9,L_z9,L_x10,L_y10,L_z10,L_x11,L_y11,L_z11,L_x12,L_y12,L_z12,L_x13,L_y13,L_z13,L_x14,L_y14,L_z14,L_x15,L_y15,L_z15,L_x16,L_y16,L_z16,L_x17,L_y17,L_z17,L_x18,L_y18,L_z18,L_x19,L_y19,L_z19,L_x20,L_y20,L_z20,R_x0,R_y0,R_z0,R_x1,R_y1,R_z1,R_x2,R_y2,R_z2,R_x3,R_y3,R_z3,R_x4,R_y4,R_z4,R_x5,R_y5,R_z5,R_x6,R_y6,R_z6,R_x7,R_y7,R_z7,R_x8,R_y8,R_z8,R_x9,R_y9,R_z9,R_x10,R_y10,R_z10,R_x11,R_y11,R_z11,R_x12,R_y12,R_z12,R_x13,R_y13,R_z13,R_x14,R_y14,R_z14,R_x15,R_y15,R_z15,R_x16,R_y16,R_z16,R_x17,R_y17,R_z17,R_x18,R_y18,R_z18,R_x19,R_y19,R_z19,R_x20,R_y20,R_z20
Happy,0.0,0.0,0.0,0.0,0.0,0.0,0.0,0.0,0.0,0.0,0.0,0.0,0.0,0.0,0.0,0.0,0.0,0.0,0.0,0.0,0.0,0.0,0.0,0.0,0.0,0.0,0.0,0.0,0.0,0.0,0.0,0.0,0.0,0.0,0.0,0.0,0.0,0.0,0.0,0.0,0.0,0.0,0.0,0.0,0.0,0.0,0.0,0.0,0.0,0.0,0.0,0.0,0.0,0.0,0.0,0.0,0.0,0.0,0.0,0.0,0.0,0.0,0.0,0.0,0.0,0.0,0.0,0.0,0.0,0.0,0.0,0.0,0.0,0.0,0.0,0.0,0.0,0.0,0.0,0.0,0.0,0.0,0.0,0.0,0.0,0.0,0.0,0.0,0.0,0.0,0.0,0.0,0.0,0.0,0.0,0.0,0.0,0.0,0.0,0.0,0.0,0.0,0.0,0.0,0.0,0.0,0.0,0.0,0.0,0.0,0.0,0.0,0.0,0.0,0.0,0.0,0.0,0.0,0.0,0.0,0.0,0.0,0.0,0.0,0.0,0.0
Happy,0.0,0.0,0.0,0.0,0.0,0.0,0.0,0.0,0.0,0.0,0.0,0.0,0.0,0.0,0.0,0.0,0.0,0.0,0.0,0.0,0.0,0.0,0.0,0.0,0.0,0.0,0.0,0.0,0.0,0.0,0.0,0.0,0.0,0.0,0.0,0.0,0.0,0.0,0.0,0.0,0.0,0.0,0.0,0.0,0.0,0.0,0.0,0.0,0.0,0.0,0.0,0.0,0.0,0.0,0.0,0.0,0.0,0.0,0.0,0.0,0.0,0.0,0.0,0.0,0.0,0.0,0.0,0.0,0.0,0.0,0.0,0.0,0.0,0.0,0.0,0.0,0.0,0.0,0.0,0.0,0.0,0.0,0.0,0.0,0.0,0.0,0.0,0.0,0.0,0.0,0.0,0.0,0.0,0.0,0.0,0.0,0.0,0.0,0.0,0.0,0.0,0.0,0.0,0.0,0.0,0.0,0.0,0.0,0.0,0.0,0.0,0.0,0.0,0.0,0.0,0.0,0.0,0.0,0.0,0.0,0.0,0.0,0.0,0.0,0.0,0.0
Happy,0.0,0.0,0.0,0.0,0.0,0.0,0.0,0.0,0.0,0.0,0.0,0.0,0.0,0.0,0.0,0.0,0.0,0.0,0.0,0.0,0.0,0.0,0.0,0.0,0.0,0.0,0.0,0.0,0.0,0.0,0.0,0.0,0.0,0.0,0.0,0.0,0.0,0.0,0.0,0.0,0.0,0.0,0.0,0.0,0.0,0.0,0.0,0.0,0.0,0.0,0.0,0.0,0.0,0.0,0.0,0.0,0.0,0.0,0.0,0.0,0.0,0.0,0.0,0.0,0.0,0.0,0.0,0.0,0.0,0.0,0.0,0.0,0.0,0.0,0.0,0.0,0.0,0.0,0.0,0.0,0.0,0.0,0.0,0.0,0.0,0.0,0.0,0.0,0.0,0.0,0.0,0.0,0.0,0.0,0.0,0.0,0.0,0.0,0.0,0.0,0.0,0.0,0.0,0.0,0.0,0.0,0.0,0.0,0.0,0.0,0.0,0.0,0.0,0.0,0.0,0.0,0.0,0.0,0.0,0.0,0.0,0.0,0.0,0.0,0.0,0.0
Happy,0.0,0.0,0.0,0.0,0.0,0.0,0.0,0.0,0.0,0.0,0.0,0.0,0.0,0.0,0.0,0.0,0.0,0.0,0.0,0.0,0.0,0.0,0.0,0.0,0.0,0.0,0.0,0.0,0.0,0.0,0.0,0.0,0.0,0.0,0.0,0.0,0.0,0.0,0.0,0.0,0.0,0.0,0.0,0.0,0.0,0.0,0.0,0.0,0.0,0.0,0.0,0.0,0.0,0.0,0.0,0.0,0.0,0.0,0.0,0.0,0.0,0.0,0.0,0.0,0.0,0.0,0.0,0.0,0.0,0.0,0.0,0.0,0.0,0.0,0.0,0.0,0.0,0.0,0.0,0.0,0.0,0.0,0.0,0.0,0.0,0.0,0.0,0.0,0.0,0.0,0.0,0.0,0.0,0.0,0.0,0.0,0.0,0.0,0.0,0.0,0.0,0.0,0.0,0.0,0.0,0.0,0.0,0.0,0.0,0.0,0.0,0.0,0.0,0.0,0.0,0.0,0.0,0.0,0.0,0.0,0.0,0.0,0.0,0.0,0.0,0.0
Happy,0.0,0.0,0.0,0.0,0.0,0.0,0.0,0.0,0.0,0.0,0.0,0.0,0.0,0.0,0.0,0.0,0.0,0.0,0.0,0.0,0.0,0.0,0.0,0.0,0.0,0.0,0.0,0.0,0.0,0.0,0.0,0.0,0.0,0.0,0.0,0.0,0.0,0.0,0.0,0.0,0.0,0.0,0.0,0.0,0.0,0.0,0.0,0.0,0.0,0.0,0.0,0.0,0.0,0.0,0.0,0.0,0.0,0.0,0.0,0.0,0.0,0.0,0.0,0.0,0.0,0.0,0.0,0.0,0.0,0.0,0.0,0.0,0.0,0.0,0.0,0.0,0.0,0.0,0.0,0.0,0.0,0.0,0.0,0.0,0.0,0.0,0.0,0.0,0.0,0.0,0.0,0.0,0.0,0.0,0.0,0.0,0.0,0.0,0.0,0.0,0.0,0.0,0.0,0.0,0.0,0.0,0.0,0.0,0.0,0.0,0.0,0.0,0.0,0.0,0.0,0.0,0.0,0.0,0.0,0.0,0.0,0.0,0.0,0.0,0.0,0.0
Happy,0.0,0.0,0.0,0.0,0.0,0.0,0.0,0.0,0.0,0.0,0.0,0.0,0.0,0.0,0.0,0.0,0.0,0.0,0.0,0.0,0.0,0.0,0.0,0.0,0.0,0.0,0.0,0.0,0.0,0.0,0.0,0.0,0.0,0.0,0.0,0.0,0.0,0.0,0.0,0.0,0.0,0.0,0.0,0.0,0.0,0.0,0.0,0.0,0.0,0.0,0.0,0.0,0.0,0.0,0.0,0.0,0.0,0.0,0.0,0.0,0.0,0.0,0.0,0.0,0.0,0.0,0.0,0.0,0.0,0.0,0.0,0.0,0.0,0.0,0.0,0.0,0.0,0.0,0.0,0.0,0.0,0.0,0.0,0.0,0.0,0.0,0.0,0.0,0.0,0.0,0.0,0.0,0.0,0.0,0.0,0.0,0.0,0.0,0.0,0.0,0.0,0.0,0.0,0.0,0.0,0.0,0.0,0.0,0.0,0.0,0.0,0.0,0.0,0.0,0.0,0.0,0.0,0.0,0.0,0.0,0.0,0.0,0.0,0.0,0.0,0.0
Happy,0.0,0.0,0.0,0.0,0.0,0.0,0.0,0.0,0.0,0.0,0.0,0.0,0.0,0.0,0.0,0.0,0.0,0.0,0.0,0.0,0.0,0.0,0.0,0.0,0.0,0.0,0.0,0.0,0.0,0.0,0.0,0.0,0.0,0.0,0.0,0.0,0.0,0.0,0.0,0.0,0.0,0.0,0.0,0.0,0.0,0.0,0.0,0.0,0.0,0.0,0.0,0.0,0.0,0.0,0.0,0.0,0.0,0.0,0.0,0.0,0.0,0.0,0.0,0.0,0.0,0.0,0.0,0.0,0.0,0.0,0.0,0.0,0.0,0.0,0.0,0.0,0.0,0.0,0.0,0.0,0.0,0.0,0.0,0.0,0.0,0.0,0.0,0.0,0.0,0.0,0.0,0.0,0.0,0.0,0.0,0.0,0.0,0.0,0.0,0.0,0.0,0.0,0.0,0.0,0.0,0.0,0.0,0.0,0.0,0.0,0.0,0.0,0.0,0.0,0.0,0.0,0.0,0.0,0.0,0.0,0.0,0.0,0.0,0.0,0.0,0.0
Happy,0.0,0.0,0.0,0.0,0.0,0.0,0.0,0.0,0.0,0.0,0.0,0.0,0.0,0.0,0.0,0.0,0.0,0.0,0.0,0.0,0.0,0.0,0.0,0.0,0.0,0.0,0.0,0.0,0.0,0.0,0.0,0.0,0.0,0.0,0.0,0.0,0.0,0.0,0.0,0.0,0.0,0.0,0.0,0.0,0.0,0.0,0.0,0.0,0.0,0.0,0.0,0.0,0.0,0.0,0.0,0.0,0.0,0.0,0.0,0.0,0.0,0.0,0.0,0.0,0.0,0.0,0.0,0.0,0.0,0.0,0.0,0.0,0.0,0.0,0.0,0.0,0.0,0.0,0.0,0.0,0.0,0.0,0.0,0.0,0.0,0.0,0.0,0.0,0.0,0.0,0.0,0.0,0.0,0.0,0.0,0.0,0.0,0.0,0.0,0.0,0.0,0.0,0.0,0.0,0.0,0.0,0.0,0.0,0.0,0.0,0.0,0.0,0.0,0.0,0.0,0.0,0.0,0.0,0.0,0.0,0.0,0.0,0.0,0.0,0.0,0.0
Happy,0.0,0.0,0.0,0.0,0.0,0.0,0.0,0.0,0.0,0.0,0.0,0.0,0.0,0.0,0.0,0.0,0.0,0.0,0.0,0.0,0.0,0.0,0.0,0.0,0.0,0.0,0.0,0.0,0.0,0.0,0.0,0.0,0.0,0.0,0.0,0.0,0.0,0.0,0.0,0.0,0.0,0.0,0.0,0.0,0.0,0.0,0.0,0.0,0.0,0.0,0.0,0.0,0.0,0.0,0.0,0.0,0.0,0.0,0.0,0.0,0.0,0.0,0.0,0.0,0.0,0.0,0.0,0.0,0.0,0.0,0.0,0.0,0.0,0.0,0.0,0.0,0.0,0.0,0.0,0.0,0.0,0.0,0.0,0.0,0.0,0.0,0.0,0.0,0.0,0.0,0.0,0.0,0.0,0.0,0.0,0.0,0.0,0.0,0.0,0.0,0.0,0.0,0.0,0.0,0.0,0.0,0.0,0.0,0.0,0.0,0.0,0.0,0.0,0.0,0.0,0.0,0.0,0.0,0.0,0.0,0.0,0.0,0.0,0.0,0.0,0.0
Happy,0.0,0.0,0.0,0.0,0.0,0.0,0.0,0.0,0.0,0.0,0.0,0.0,0.0,0.0,0.0,0.0,0.0,0.0,0.0,0.0,0.0,0.0,0.0,0.0,0.0,0.0,0.0,0.0,0.0,0.0,0.0,0.0,0.0,0.0,0.0,0.0,0.0,0.0,0.0,0.0,0.0,0.0,0.0,0.0,0.0,0.0,0.0,0.0,0.0,0.0,0.0,0.0,0.0,0.0,0.0,0.0,0.0,0.0,0.0,0.0,0.0,0.0,0.0,0.0,0.0,0.0,0.0,0.0,0.0,0.0,0.0,0.0,0.0,0.0,0.0,0.0,0.0,0.0,0.0,0.0,0.0,0.0,0.0,0.0,0.0,0.0,0.0,0.0,0.0,0.0,0.0,0.0,0.0,0.0,0.0,0.0,0.0,0.0,0.0,0.0,0.0,0.0,0.0,0.0,0.0,0.0,0.0,0.0,0.0,0.0,0.0,0.0,0.0,0.0,0.0,0.0,0.0,0.0,0.0,0.0,0.0,0.0,0.0,0.0,0.0,0.0
Happy,0.0,0.0,0.0,0.0,0.0,0.0,0.0,0.0,0.0,0.0,0.0,0.0,0.0,0.0,0.0,0.0,0.0,0.0,0.0,0.0,0.0,0.0,0.0,0.0,0.0,0.0,0.0,0.0,0.0,0.0,0.0,0.0,0.0,0.0,0.0,0.0,0.0,0.0,0.0,0.0,0.0,0.0,0.0,0.0,0.0,0.0,0.0,0.0,0.0,0.0,0.0,0.0,0.0,0.0,0.0,0.0,0.0,0.0,0.0,0.0,0.0,0.0,0.0,0.0,0.0,0.0,0.0,0.0,0.0,0.0,0.0,0.0,0.0,0.0,0.0,0.0,0.0,0.0,0.0,0.0,0.0,0.0,0.0,0.0,0.0,0.0,0.0,0.0,0.0,0.0,0.0,0.0,0.0,0.0,0.0,0.0,0.0,0.0,0.0,0.0,0.0,0.0,0.0,0.0,0.0,0.0,0.0,0.0,0.0,0.0,0.0,0.0,0.0,0.0,0.0,0.0,0.0,0.0,0.0,0.0,0.0,0.0,0.0,0.0,0.0,0.0
Happy,0.0,0.0,0.0,0.0,0.0,0.0,0.0,0.0,0.0,0.0,0.0,0.0,0.0,0.0,0.0,0.0,0.0,0.0,0.0,0.0,0.0,0.0,0.0,0.0,0.0,0.0,0.0,0.0,0.0,0.0,0.0,0.0,0.0,0.0,0.0,0.0,0.0,0.0,0.0,0.0,0.0,0.0,0.0,0.0,0.0,0.0,0.0,0.0,0.0,0.0,0.0,0.0,0.0,0.0,0.0,0.0,0.0,0.0,0.0,0.0,0.0,0.0,0.0,0.0,0.0,0.0,0.0,0.0,0.0,0.0,0.0,0.0,0.0,0.0,0.0,0.0,0.0,0.0,0.0,0.0,0.0,0.0,0.0,0.0,0.0,0.0,0.0,0.0,0.0,0.0,0.0,0.0,0.0,0.0,0.0,0.0,0.0,0.0,0.0,0.0,0.0,0.0,0.0,0.0,0.0,0.0,0.0,0.0,0.0,0.0,0.0,0.0,0.0,0.0,0.0,0.0,0.0,0.0,0.0,0.0,0.0,0.0,0.0,0.0,0.0,0.0
Happy,0.0,0.0,0.0,0.0,0.0,0.0,0.0,0.0,0.0,0.0,0.0,0.0,0.0,0.0,0.0,0.0,0.0,0.0,0.0,0.0,0.0,0.0,0.0,0.0,0.0,0.0,0.0,0.0,0.0,0.0,0.0,0.0,0.0,0.0,0.0,0.0,0.0,0.0,0.0,0.0,0.0,0.0,0.0,0.0,0.0,0.0,0.0,0.0,0.0,0.0,0.0,0.0,0.0,0.0,0.0,0.0,0.0,0.0,0.0,0.0,0.0,0.0,0.0,0.0,0.0,0.0,0.0,0.0,0.0,0.0,0.0,0.0,0.0,0.0,0.0,0.0,0.0,0.0,0.0,0.0,0.0,0.0,0.0,0.0,0.0,0.0,0.0,0.0,0.0,0.0,0.0,0.0,0.0,0.0,0.0,0.0,0.0,0.0,0.0,0.0,0.0,0.0,0.0,0.0,0.0,0.0,0.0,0.0,0.0,0.0,0.0,0.0,0.0,0.0,0.0,0.0,0.0,0.0,0.0,0.0,0.0,0.0,0.0,0.0,0.0,0.0
Happy,0.0,0.0,0.0,0.0,0.0,0.0,0.0,0.0,0.0,0.0,0.0,0.0,0.0,0.0,0.0,0.0,0.0,0.0,0.0,0.0,0.0,0.0,0.0,0.0,0.0,0.0,0.0,0.0,0.0,0.0,0.0,0.0,0.0,0.0,0.0,0.0,0.0,0.0,0.0,0.0,0.0,0.0,0.0,0.0,0.0,0.0,0.0,0.0,0.0,0.0,0.0,0.0,0.0,0.0,0.0,0.0,0.0,0.0,0.0,0.0,0.0,0.0,0.0,0.0,0.0,0.0,0.0,0.0,0.0,0.0,0.0,0.0,0.0,0.0,0.0,0.0,0.0,0.0,0.0,0.0,0.0,0.0,0.0,0.0,0.0,0.0,0.0,0.0,0.0,0.0,0.0,0.0,0.0,0.0,0.0,0.0,0.0,0.0,0.0,0.0,0.0,0.0,0.0,0.0,0.0,0.0,0.0,0.0,0.0,0.0,0.0,0.0,0.0,0.0,0.0,0.0,0.0,0.0,0.0,0.0,0.0,0.0,0.0,0.0,0.0,0.0
Happy,0.0,0.0,0.0,0.0,0.0,0.0,0.0,0.0,0.0,0.0,0.0,0.0,0.0,0.0,0.0,0.0,0.0,0.0,0.0,0.0,0.0,0.0,0.0,0.0,0.0,0.0,0.0,0.0,0.0,0.0,0.0,0.0,0.0,0.0,0.0,0.0,0.0,0.0,0.0,0.0,0.0,0.0,0.0,0.0,0.0,0.0,0.0,0.0,0.0,0.0,0.0,0.0,0.0,0.0,0.0,0.0,0.0,0.0,0.0,0.0,0.0,0.0,0.0,0.0,0.0,0.0,0.0,0.0,0.0,0.0,0.0,0.0,0.0,0.0,0.0,0.0,0.0,0.0,0.0,0.0,0.0,0.0,0.0,0.0,0.0,0.0,0.0,0.0,0.0,0.0,0.0,0.0,0.0,0.0,0.0,0.0,0.0,0.0,0.0,0.0,0.0,0.0,0.0,0.0,0.0,0.0,0.0,0.0,0.0,0.0,0.0,0.0,0.0,0.0,0.0,0.0,0.0,0.0,0.0,0.0,0.0,0.0,0.0,0.0,0.0,0.0
Happy,0.0,0.0,0.0,0.0,0.0,0.0,0.0,0.0,0.0,0.0,0.0,0.0,0.0,0.0,0.0,0.0,0.0,0.0,0.0,0.0,0.0,0.0,0.0,0.0,0.0,0.0,0.0,0.0,0.0,0.0,0.0,0.0,0.0,0.0,0.0,0.0,0.0,0.0,0.0,0.0,0.0,0.0,0.0,0.0,0.0,0.0,0.0,0.0,0.0,0.0,0.0,0.0,0.0,0.0,0.0,0.0,0.0,0.0,0.0,0.0,0.0,0.0,0.0,0.0,0.0,0.0,0.0,0.0,0.0,0.0,0.0,0.0,0.0,0.0,0.0,0.0,0.0,0.0,0.0,0.0,0.0,0.0,0.0,0.0,0.0,0.0,0.0,0.0,0.0,0.0,0.0,0.0,0.0,0.0,0.0,0.0,0.0,0.0,0.0,0.0,0.0,0.0,0.0,0.0,0.0,0.0,0.0,0.0,0.0,0.0,0.0,0.0,0.0,0.0,0.0,0.0,0.0,0.0,0.0,0.0,0.0,0.0,0.0,0.0,0.0,0.0
Happy,0.0,0.0,0.0,0.0,0.0,0.0,0.0,0.0,0.0,0.0,0.0,0.0,0.0,0.0,0.0,0.0,0.0,0.0,0.0,0.0,0.0,0.0,0.0,0.0,0.0,0.0,0.0,0.0,0.0,0.0,0.0,0.0,0.0,0.0,0.0,0.0,0.0,0.0,0.0,0.0,0.0,0.0,0.0,0.0,0.0,0.0,0.0,0.0,0.0,0.0,0.0,0.0,0.0,0.0,0.0,0.0,0.0,0.0,0.0,0.0,0.0,0.0,0.0,0.0,0.0,0.0,0.0,0.0,0.0,0.0,0.0,0.0,0.0,0.0,0.0,0.0,0.0,0.0,0.0,0.0,0.0,0.0,0.0,0.0,0.0,0.0,0.0,0.0,0.0,0.0,0.0,0.0,0.0,0.0,0.0,0.0,0.0,0.0,0.0,0.0,0.0,0.0,0.0,0.0,0.0,0.0,0.0,0.0,0.0,0.0,0.0,0.0,0.0,0.0,0.0,0.0,0.0,0.0,0.0,0.0,0.0,0.0,0.0,0.0,0.0,0.0
Happy,0.6415010094642639,0.9064722061157227,1.0770540370685922e-07,0.6135336756706238,0.9023724794387817,-0.007242598105221987,0.5934067964553833,0.9208197593688965,-0.008188660256564617,0.5805808901786804,0.9406542778015137,-0.006261603906750679,0.5706309676170349,0.9566987752914429,-0.0032735061831772327,0.6069339513778687,0.9726048111915588,-0.008224712684750557,0.5941481590270996,1.0188556909561157,-0.008366246707737446,0.5886183381080627,1.0427128076553345,-0.00736619858071208,0.5870962738990784,1.0593712329864502,-0.005907285027205944,0.6194631457328796,0.9861994385719299,-0.0022636617068201303,0.6067571640014648,1.031583309173584,-0.003510492155328393,0.5996685028076172,1.053583025932312,-0.003120577894151211,0.5976952910423279,1.0686854124069214,-0.0019284234149381518,0.6286546587944031,0.9938765168190002,0.0038530929014086723,0.6175593137741089,1.0320309400558472,0.003184874542057514,0.6115084290504456,1.0512888431549072,0.005041248165071011,0.6078182458877563,1.0650408267974854,0.007511220406740904,0.6345216035842896,0.9933695197105408,0.009750444442033768,0.6256436109542847,1.02688729763031,0.011323047801852226,0.6211115121841431,1.0438764095306396,0.014405099675059319,0.6185579299926758,1.055593490600586,0.01753734052181244,0.3840482532978058,0.8911533355712891,-6.61277539393268e-08,0.4055157005786896,0.8984594941139221,-0.008888434618711472,0.4211116433143616,0.9225606322288513,-0.01492622122168541,0.432644784450531,0.9459874033927917,-0.019954495131969452,0.44482988119125366,0.9587244391441345,-0.024725671857595444,0.4048205018043518,0.9652553796768188,-0.014362758956849575,0.4125441014766693,1.0167819261550903,-0.02141452394425869,0.4164586067199707,1.0327835083007812,-0.025582879781723022,0.4177113473415375,1.0379962921142578,-0.027695130556821823,0.3886374235153198,0.9772340655326843,-0.013159860856831074,0.39460790157318115,1.0268222093582153,-0.01787356100976467,0.39967426657676697,1.038172960281372,-0.020263442769646645,0.4020910859107971,1.0396219491958618,-0.02200859598815441,0.3764726519584656,0.9843285083770752,-0.012460216879844666,0.3813236951828003,1.0293339490890503,-0.0158813688904047,0.38724905252456665,1.0396149158477783,-0.01678726263344288,0.39049088954925537,1.0422143936157227,-0.017421111464500427,0.36794257164001465,0.9890022873878479,-0.012468266300857067,0.37171080708503723,1.027936339378357,-0.014278566464781761,0.37646979093551636,1.0381309986114502,-0.013732032850384712,0.37984687089920044,1.0405019521713257,-0.013158575631678104
Happy,0.6235049366950989,0.8982750773429871,1.7284466480305127e-07,0.6003089547157288,0.8920179605484009,-0.010378561913967133,0.5829392671585083,0.9060673713684082,-0.017036745324730873,0.5697973370552063,0.9230599999427795,-0.020731540396809578,0.5611186027526855,0.937830924987793,-0.023938579484820366,0.5976282358169556,0.9450578093528748,-0.0268240999430418,0.5788034796714783,0.9898006916046143,-0.035475049167871475,0.5675277709960938,1.0104808807373047,-0.03772442415356636,0.5609719753265381,1.022749662399292,-0.037282418459653854,0.6093719601631165,0.9624336361885071,-0.021995937451720238,0.5940828323364258,1.0092663764953613,-0.030026040971279144,0.5817161202430725,1.0272876024246216,-0.02965422533452511,0.5744425058364868,1.0335369110107422,-0.02770117111504078,0.6172771453857422,0.9739488363265991,-0.0166866984218359,0.6059403419494629,1.015505313873291,-0.022635554894804955,0.5947729349136353,1.030461311340332,-0.021786173805594444,0.5865769386291504,1.0371631383895874,-0.019487544894218445,0.6211967468261719,0.9802787899971008,-0.0115771209821105,0.6124131083488464,1.0156904458999634,-0.01424243114888668,0.6037157773971558,1.0304149389266968,-0.012691055424511433,0.5968371629714966,1.0363093614578247,-0.010278331115841866,0.39665669202804565,0.8925080299377441,-6.138672148381374e-08,0.4162912964820862,0.8935022950172424,-0.015990188345313072,0.43284857273101807,0.9042248129844666,-0.02861597016453743,0.44601085782051086,0.9195076823234558,-0.038416098803281784,0.45910272002220154,0.9311869144439697,-0.048139788210392,0.4150078296661377,0.9402744770050049,-0.034022167325019836,0.4306190609931946,0.9908422231674194,-0.04657818004488945,0.4377349019050598,1.0099812746047974,-0.05210847780108452,0.4400564730167389,1.0175116062164307,-0.054430849850177765,0.3985617458820343,0.9570218920707703,-0.029874512925744057,0.416402131319046,1.009460210800171,-0.03930840641260147,0.42341798543930054,1.0143955945968628,-0.03981676325201988,0.4242468774318695,1.007302165031433,-0.039648931473493576,0.387702077627182,0.9687029719352722,-0.02594156004488468,0.405277818441391,1.0166163444519043,-0.03389566019177437,0.41106128692626953,1.0162880420684814,-0.03267405182123184,0.41020989418029785,1.0081334114074707,-0.03102913312613964,0.3809382915496826,0.9782902598381042,-0.02295578643679619,0.3961278796195984,1.0180855989456177,-0.029091166332364082,0.40028318762779236,1.018814206123352,-0.02816641330718994,0.39935004711151123,1.011473536491394,-0.026390498504042625
Happy,0.6111842393875122,0.8982793688774109,2.1515084824841324e-07,0.590408205986023,0.8862975239753723,-0.013050851412117481,0.5732814073562622,0.8922115564346313,-0.022050609812140465,0.560765266418457,0.9053046703338623,-0.027689123526215553,0.5492492914199829,0.9162961840629578,-0.03249240666627884,0.5860263109207153,0.9348443746566772,-0.03162193298339844,0.5620658993721008,0.9810260534286499,-0.04230319708585739,0.5495462417602539,1.0005056858062744,-0.04464658349752426,0.5430840253829956,1.0108033418655396,-0.043892085552215576,0.597266674041748,0.9562321305274963,-0.026519855484366417,0.5749848484992981,1.0034762620925903,-0.03752365708351135,0.5611050724983215,1.0181431770324707,-0.03722245991230011,0.55363929271698,1.0232738256454468,-0.03474026918411255,0.6040749549865723,0.9712978601455688,-0.021087411791086197,0.5857235193252563,1.0132973194122314,-0.028986698016524315,0.5726543068885803,1.023417592048645,-0.026783829554915428,0.5643018484115601,1.0273441076278687,-0.023135893046855927,0.6075776815414429,0.9808039665222168,-0.016201775521039963,0.5931787490844727,1.0157631635665894,-0.020386498421430588,0.5818482637405396,1.024916648864746,-0.018376141786575317,0.5745775103569031,1.026248812675476,-0.015198107808828354,0.403801292181015,0.8742639422416687,-9.001423961763066e-08,0.4243706166744232,0.8722557425498962,-0.011740114539861679,0.442109078168869,0.8814541101455688,-0.022529708221554756,0.4561530351638794,0.8944434523582458,-0.03128252178430557,0.46925681829452515,0.9041900634765625,-0.040123917162418365,0.42474454641342163,0.916204571723938,-0.029832767322659492,0.4428885281085968,0.9659321904182434,-0.041193995624780655,0.4532466530799866,0.9888104200363159,-0.045831236988306046,0.45854073762893677,1.002267837524414,-0.04760374501347542,0.40921738743782043,0.9341192245483398,-0.027730625122785568,0.43060171604156494,0.9886959195137024,-0.03649235889315605,0.44184818863868713,1.0059727430343628,-0.036896612495183945,0.4459117352962494,1.011951208114624,-0.03672630339860916,0.39865273237228394,0.9478161334991455,-0.025525379925966263,0.42019984126091003,0.9986683130264282,-0.03294932842254639,0.43022581934928894,1.0097112655639648,-0.031005149707198143,0.4329703450202942,1.0136162042617798,-0.028734257444739342,0.39198416471481323,0.9586392045021057,-0.023956889286637306,0.4094789922237396,1.0019724369049072,-0.028936997056007385,0.41690903902053833,1.0116546154022217,-0.02658374235033989,0.4190423786640167,1.013024926185608,-0.023871826007962227
Happy,0.6036412119865417,0.8820400238037109,1.6205663655455282e-07,0.5806405544281006,0.8676948547363281,-0.012165753170847893,0.5631232857704163,0.8726774454116821,-0.0210645142942667,0.5493755340576172,0.8842076063156128,-0.024885747581720352,0.5375130772590637,0.8962343335151672,-0.027818730100989342,0.5758684277534485,0.9095367193222046,-0.04432668164372444,0.5567988753318787,0.9477550387382507,-0.056349460035562515,0.5422428250312805,0.9651635885238647,-0.05775485560297966,0.5324119925498962,0.9759798049926758,-0.05615660548210144,0.584614098072052,0.933864176273346,-0.03813547641038895,0.5615066289901733,0.9823741912841797,-0.05294167622923851,0.5450764894485474,0.9990551471710205,-0.05216110125184059,0.5360483527183533,1.0052838325500488,-0.048523422330617905,0.5891420245170593,0.9520467519760132,-0.030243651941418648,0.5700966715812683,0.9951976537704468,-0.041189875453710556,0.556290328502655,1.0084576606750488,-0.04035884514451027,0.546873927116394,1.014523983001709,-0.03674320876598358,0.591560423374176,0.9628875255584717,-0.022076554596424103,0.5777793526649475,0.999889075756073,-0.027772562578320503,0.5658668279647827,1.012850284576416,-0.027509286999702454,0.5567142367362976,1.0157761573791504,-0.02539730817079544,0.4043063223361969,0.8477924466133118,-3.236895551594898e-08,0.4293006956577301,0.8440558910369873,-0.007793543394654989,0.45028743147850037,0.8564488291740417,-0.013788620941340923,0.466043621301651,0.874151349067688,-0.0182939562946558,0.47977200150489807,0.880295991897583,-0.022809062153100967,0.4348006248474121,0.8959251642227173,-0.017791748046875,0.45283451676368713,0.9380441308021545,-0.023607585579156876,0.4628884494304657,0.9587063789367676,-0.02585851028561592,0.4700832962989807,0.9736058115959167,-0.026963936164975166,0.42106977105140686,0.9152142405509949,-0.01677900180220604,0.44351646304130554,0.9645811915397644,-0.02259894460439682,0.4576280117034912,0.9877238869667053,-0.024856625124812126,0.46764424443244934,1.0028156042099,-0.026387643069028854,0.4102628231048584,0.9283561706542969,-0.015510816127061844,0.4316887855529785,0.9749206304550171,-0.021088894456624985,0.44474732875823975,0.991359293460846,-0.022721698507666588,0.4540451467037201,0.9991286993026733,-0.02326236478984356,0.4022122025489807,0.9374046325683594,-0.014482232742011547,0.41867753863334656,0.9719464182853699,-0.018419938161969185,0.4280621409416199,0.9819383025169373,-0.01850290410220623,0.43480184674263,0.9855636358261108,-0.018025534227490425
Happy,0.5957857370376587,0.8610319495201111,2.7916332356880957e-08,0.5704389810562134,0.8451094627380371,-0.0017193988896906376,0.552237868309021,0.8449982404708862,-0.003939643036574125,0.5375379920005798,0.8546887040138245,-0.004664082545787096,0.5265406370162964,0.8667717576026917,-0.004856965038925409,0.5586238503456116,0.8814172744750977,-0.015613814815878868,0.5382287502288818,0.917486846446991,-0.0214560367166996,0.5271780490875244,0.932698667049408,-0.022838640958070755,0.5185776948928833,0.9421525001525879,-0.022562798112630844,0.5691914558410645,0.9030760526657104,-0.015253289602696896,0.5460899472236633,0.9437246918678284,-0.0230985376983881,0.5313592553138733,0.9637976884841919,-0.024415554478764534,0.5206708312034607,0.9754109978675842,-0.024418599903583527,0.5771182775497437,0.9181250929832458,-0.01401632372289896,0.5583566427230835,0.9533962607383728,-0.019820664077997208,0.5456539392471313,0.9722694754600525,-0.021020248532295227,0.5350856184959412,0.9844506978988647,-0.020886775106191635,0.5828116536140442,0.9268108010292053,-0.012351307086646557,0.5712007880210876,0.954569399356842,-0.015479275956749916,0.5624375939369202,0.9678513407707214,-0.015890588983893394,0.5544473528862,0.9768564701080322,-0.01560474094003439,0.4146682322025299,0.8309797048568726,-7.21060047226274e-08,0.4386463165283203,0.8216173648834229,-0.0071639856323599815,0.4595002233982086,0.8285297155380249,-0.012958413921296597,0.4753592014312744,0.8425608277320862,-0.017493078485131264,0.4879070520401001,0.8472707867622375,-0.022114034742116928,0.4456586241722107,0.871170699596405,-0.016372710466384888,0.46589788794517517,0.9101030230522156,-0.021813763305544853,0.47666826844215393,0.9271901845932007,-0.02443123795092106,0.48457345366477966,0.9392901062965393,-0.025868665426969528,0.433811753988266,0.8919757604598999,-0.015456192195415497,0.459394633769989,0.9358421564102173,-0.020101584494113922,0.47389495372772217,0.9546516537666321,-0.022310661152005196,0.4840059280395508,0.9663278460502625,-0.024117669090628624,0.42338186502456665,0.9058520793914795,-0.014304772950708866,0.4472591280937195,0.9440627098083496,-0.018781084567308426,0.4608481526374817,0.959622323513031,-0.02076462097465992,0.47091516852378845,0.9674606323242188,-0.022006014361977577,0.41454145312309265,0.9153180122375488,-0.013367400504648685,0.4302278161048889,0.9421219825744629,-0.016575848683714867,0.4389238655567169,0.9512730836868286,-0.016810717061161995,0.4457301199436188,0.9549432992935181,-0.016681769862771034
Happy,0.5786768198013306,0.8406460881233215,3.6659134394767534e-08,0.5590202808380127,0.8186894655227661,-0.0027796730864793062,0.543248176574707,0.8111428618431091,-0.006369101814925671,0.529579758644104,0.814078688621521,-0.00766875920817256,0.5171696543693542,0.8208215236663818,-0.008140910416841507,0.5423076152801514,0.8506655097007751,-0.02095399796962738,0.5142326354980469,0.8844800591468811,-0.02687087096273899,0.503760039806366,0.8931424021720886,-0.02605544403195381,0.49841490387916565,0.8956552743911743,-0.023275582119822502,0.5514029860496521,0.8747786283493042,-0.01905987784266472,0.5204885005950928,0.9126977324485779,-0.026788700371980667,0.5079168677330017,0.9199739694595337,-0.023629438132047653,0.502633810043335,0.9207605719566345,-0.018902504816651344,0.5587697625160217,0.8918089866638184,-0.01615910232067108,0.5342797636985779,0.9251753091812134,-0.021243318915367126,0.5226258635520935,0.9330588579177856,-0.01648767665028572,0.515684962272644,0.9349589943885803,-0.010835351422429085,0.5649664402008057,0.9030776619911194,-0.012854291126132011,0.5483968257904053,0.9291890263557434,-0.014569468796253204,0.5389280319213867,0.9349242448806763,-0.011133646592497826,0.5326208472251892,0.9358972907066345,-0.006752310786396265,0.4204466938972473,0.8013641238212585,-1.8368815801750316e-07,0.4427203834056854,0.7883181571960449,-0.004574331920593977,0.46335461735725403,0.7902330160140991,-0.010348266921937466,0.4812362790107727,0.7981326580047607,-0.01558240782469511,0.49521830677986145,0.8012840151786804,-0.02126593142747879,0.4543633759021759,0.8383262157440186,-0.014687706716358662,0.47974860668182373,0.8745331168174744,-0.020623914897441864,0.49240413308143616,0.8862172961235046,-0.023260703310370445,0.5000561475753784,0.8950198888778687,-0.024392161518335342,0.44422945380210876,0.8615460395812988,-0.01452011801302433,0.4738959074020386,0.9012202024459839,-0.019080597907304764,0.49027881026268005,0.9116260409355164,-0.020479723811149597,0.4998602569103241,0.9151706695556641,-0.021663306280970573,0.4354671239852905,0.878747284412384,-0.013980153948068619,0.46342045068740845,0.9140113592147827,-0.01847911812365055,0.4789341688156128,0.9208413362503052,-0.019689209759235382,0.48902857303619385,0.9223707318305969,-0.020308716222643852,0.4276009500026703,0.8902851343154907,-0.013401753269135952,0.4491232633590698,0.9167991876602173,-0.015799082815647125,0.4589875042438507,0.9190569519996643,-0.014749595895409584,0.46556222438812256,0.9159088730812073,-0.013737667351961136
Happy,0.5610501170158386,0.8231939077377319,-1.7252791195687678e-08,0.5505977272987366,0.7910704016685486,-0.00544162979349494,0.5387080907821655,0.771011233329773,-0.00984105747193098,0.5258263945579529,0.7665030360221863,-0.01263787318021059,0.5129455924034119,0.7692798376083374,-0.015583149157464504,0.5402622818946838,0.806293249130249,-0.019077833741903305,0.5146826505661011,0.8262298703193665,-0.026181334629654884,0.5028523802757263,0.8275662064552307,-0.029456080868840218,0.49600061774253845,0.826022744178772,-0.030397096648812294,0.5443928241729736,0.8314554691314697,-0.018245195969939232,0.5175046920776367,0.8536196947097778,-0.02458970807492733,0.5028571486473083,0.853722870349884,-0.02623404562473297,0.49567902088165283,0.850268542766571,-0.02726784721016884,0.545692503452301,0.8498016595840454,-0.0168714951723814,0.5209681987762451,0.870008111000061,-0.021786220371723175,0.5065957307815552,0.8734838962554932,-0.021289942786097527,0.4980255961418152,0.8709132075309753,-0.020432554185390472,0.544661819934845,0.8633666634559631,-0.015614028088748455,0.5263680219650269,0.8826261758804321,-0.018250763416290283,0.5147739052772522,0.8851150274276733,-0.016826307401061058,0.5072141885757446,0.8828132152557373,-0.015269446186721325,0.42627763748168945,0.774111807346344,3.9228250869882686e-08,0.4457769989967346,0.7536952495574951,-0.007597137708216906,0.467525839805603,0.7484808564186096,-0.013477629981935024,0.4852462112903595,0.750021755695343,-0.017516249790787697,0.498826801776886,0.7479609847068787,-0.021369313821196556,0.4638839066028595,0.7934486269950867,-0.020042704418301582,0.49091586470603943,0.8190422058105469,-0.026552444323897362,0.5045420527458191,0.8294702172279358,-0.028598783537745476,0.5149427652359009,0.8353267312049866,-0.02914069965481758,0.45606914162635803,0.8217176198959351,-0.01909557357430458,0.48588329553604126,0.8468528389930725,-0.023629507049918175,0.5032070279121399,0.8569372892379761,-0.02490208111703396,0.5160380601882935,0.8621456027030945,-0.025931453332304955,0.44816383719444275,0.8411359190940857,-0.017851507291197777,0.47340598702430725,0.8589216470718384,-0.021822037175297737,0.4891509413719177,0.867663562297821,-0.023205744102597237,0.5014133453369141,0.8716899156570435,-0.02426047995686531,0.44088029861450195,0.8534784317016602,-0.016788529232144356,0.45537588000297546,0.8672162890434265,-0.0201548021286726,0.4654824137687683,0.8747265338897705,-0.02048647403717041,0.474121630191803,0.8788321018218994,-0.020398089662194252
Happy,0.5370246171951294,0.763828694820404,-1.3682377186796657e-07,0.5332816243171692,0.7313110828399658,-0.0071753570809960365,0.5285603404045105,0.711878776550293,-0.012834707275032997,0.5187625885009766,0.7008338570594788,-0.016794295981526375,0.5071938037872314,0.7103224992752075,-0.02213582582771778,0.5401076674461365,0.745262861251831,-0.022372426465153694,0.5270058512687683,0.7650682926177979,-0.03209049627184868,0.5097769498825073,0.7720679640769958,-0.04150843247771263,0.4950522780418396,0.7762154936790466,-0.0480729304254055,0.544457197189331,0.7736637592315674,-0.02311147376894951,0.5248728394508362,0.7910295128822327,-0.03133571892976761,0.502852737903595,0.7964565753936768,-0.03814578428864479,0.48702067136764526,0.7999119162559509,-0.04494810104370117,0.5442061424255371,0.7941610217094421,-0.022857679054141045,0.5249072313308716,0.8066062331199646,-0.03074662573635578,0.5040737390518188,0.8102964162826538,-0.03369223326444626,0.4896928071975708,0.8101507425308228,-0.03664695844054222,0.5427396297454834,0.8093787431716919,-0.022931527346372604,0.5323615670204163,0.8221649527549744,-0.028216680511832237,0.5209563970565796,0.8259674310684204,-0.027683928608894348,0.512414813041687,0.8275700211524963,-0.027998721227049828,0.4289143979549408,0.7518900632858276,5.718804629850638e-08,0.44427236914634705,0.7224578857421875,-0.01022144965827465,0.46475258469581604,0.7068321108818054,-0.018556881695985794,0.48151710629463196,0.7012824416160583,-0.024430550634860992,0.4964335560798645,0.6952991485595703,-0.029976479709148407,0.4629680812358856,0.7498730421066284,-0.026991968974471092,0.4899649918079376,0.764527440071106,-0.035814955830574036,0.5056469440460205,0.7688309550285339,-0.03887387737631798,0.5176923274993896,0.771559476852417,-0.03975971043109894,0.45721444487571716,0.7812988758087158,-0.025854522362351418,0.4906746745109558,0.796635627746582,-0.03327808156609535,0.5108745098114014,0.7995414137840271,-0.0352277047932148,0.5262759923934937,0.7996487617492676,-0.03643113374710083,0.45337989926338196,0.8042955994606018,-0.024336274713277817,0.4859027564525604,0.816474974155426,-0.03164415806531906,0.5057167410850525,0.8170486092567444,-0.03316738083958626,0.5205268263816833,0.8137801289558411,-0.03335246443748474,0.4514087438583374,0.8195962905883789,-0.022959304973483086,0.47651639580726624,0.8260091543197632,-0.02865740656852722,0.490591824054718,0.8255025148391724,-0.028761625289916992,0.5011860132217407,0.821275532245636,-0.02793363854289055
Happy,0.560977041721344,0.7409387826919556,-1.2849299935169256e-07,0.5529674291610718,0.697798490524292,-0.003747352631762624,0.5412096381187439,0.6666250228881836,-0.008649010211229324,0.5267510414123535,0.6478433609008789,-0.011845016852021217,0.5129229426383972,0.6507349014282227,-0.015773657709360123,0.5396720170974731,0.6925131678581238,-0.021526949480175972,0.5113105177879333,0.6964781880378723,-0.03186533600091934,0.49449869990348816,0.7002936005592346,-0.03937406465411186,0.4808529019355774,0.7022172212600708,-0.043669018894433975,0.5396213531494141,0.7217143774032593,-0.022589024156332016,0.505967915058136,0.725690484046936,-0.031010732054710388,0.48685434460639954,0.723922848701477,-0.03543613851070404,0.47445929050445557,0.7221639156341553,-0.03929963335394859,0.5384281873703003,0.743961751461029,-0.022726228460669518,0.5074540376663208,0.7479178309440613,-0.02942449226975441,0.4886975884437561,0.743944525718689,-0.031829286366701126,0.475540429353714,0.7382967472076416,-0.033736731857061386,0.5374543070793152,0.7595637440681458,-0.02265062928199768,0.5164496302604675,0.7685902118682861,-0.026925629004836082,0.5034469366073608,0.7684918642044067,-0.026930542662739754,0.4934128522872925,0.7672736048698425,-0.026915185153484344,0.42661261558532715,0.7201644778251648,-5.766305211096778e-09,0.4421321749687195,0.6860325336456299,-0.004484390839934349,0.4615345001220703,0.6668081879615784,-0.009600498713552952,0.4774475395679474,0.6540766954421997,-0.013739814050495625,0.48942485451698303,0.6428524255752563,-0.017890911549329758,0.4719659984111786,0.7077927589416504,-0.015262532979249954,0.5011905431747437,0.7087210416793823,-0.021411368623375893,0.5156307220458984,0.706706702709198,-0.02378953993320465,0.5241504907608032,0.7049676775932312,-0.024572916328907013,0.4690476357936859,0.7357276678085327,-0.016146745532751083,0.5007936358451843,0.734147310256958,-0.02074778638780117,0.516122579574585,0.7304480075836182,-0.021696262061595917,0.5254819393157959,0.7278408408164978,-0.022330429404973984,0.46393516659736633,0.759139895439148,-0.016825709491968155,0.49432599544525146,0.7577579617500305,-0.021411973983049393,0.5088199377059937,0.7539191842079163,-0.021156689152121544,0.518066942691803,0.7511191964149475,-0.020652133971452713,0.4577026665210724,0.7788076996803284,-0.01742416061460972,0.4792045056819916,0.7794478535652161,-0.02114436961710453,0.4900538921356201,0.7785177826881409,-0.020085211843252182,0.49750614166259766,0.7771742939949036,-0.01855260133743286
Happy,0.5752258896827698,0.7027370929718018,-1.2164512952494988e-07,0.5688654184341431,0.6520834565162659,-0.004157918971031904,0.5571099519729614,0.6134429574012756,-0.0076032355427742004,0.5428863763809204,0.5878779888153076,-0.009688579477369785,0.5283998250961304,0.5856304168701172,-0.013359218835830688,0.5523595213890076,0.6397058367729187,-0.016508981585502625,0.5202872157096863,0.6366748809814453,-0.022645696997642517,0.5010821223258972,0.6369461417198181,-0.02721986174583435,0.4857746362686157,0.6352627277374268,-0.030509723350405693,0.5508600473403931,0.6673716306686401,-0.017200130969285965,0.5135302543640137,0.6659891605377197,-0.022051388397812843,0.489942729473114,0.6643051505088806,-0.02747310884296894,0.4732447862625122,0.6629180312156677,-0.03355341777205467,0.5475843548774719,0.6904609799385071,-0.01702117919921875,0.514535129070282,0.6865197420120239,-0.022194908931851387,0.49320128560066223,0.6819419264793396,-0.027388546615839005,0.47915467619895935,0.6778702139854431,-0.03229792043566704,0.5435806512832642,0.7095134258270264,-0.016652002930641174,0.5206009149551392,0.7104417681694031,-0.021548131480813026,0.5075556039810181,0.7086358070373535,-0.023878177627921104,0.4983912706375122,0.7059518694877625,-0.026156913489103317,0.42217007279396057,0.6950534582138062,6.062516888505343e-08,0.4341813325881958,0.6564479470252991,-0.004663839004933834,0.45112866163253784,0.6302919983863831,-0.009889794513583183,0.4664548635482788,0.6133832335472107,-0.014021092094480991,0.4784446656703949,0.5997042655944824,-0.018092697486281395,0.46268218755722046,0.6714068651199341,-0.01600523106753826,0.49066272377967834,0.6650657653808594,-0.021909894421696663,0.5046765804290771,0.661663830280304,-0.024029746651649475,0.5151759386062622,0.6586585640907288,-0.024776125326752663,0.4632279872894287,0.7001444101333618,-0.017223846167325974,0.49652421474456787,0.6917858123779297,-0.021972985938191414,0.5131456255912781,0.6853854656219482,-0.023377513512969017,0.5247041583061218,0.680071234703064,-0.02412627637386322,0.46122753620147705,0.7235187292098999,-0.01799863763153553,0.49104949831962585,0.7139604091644287,-0.022713933140039444,0.5069625377655029,0.7066208124160767,-0.02344590052962303,0.5183256268501282,0.7001218795776367,-0.023585032671689987,0.457716166973114,0.7428014874458313,-0.018666932359337807,0.47691136598587036,0.7397801876068115,-0.022518951445817947,0.4883042871952057,0.7356176376342773,-0.021936608478426933,0.49713438749313354,0.7305147647857666,-0.02081717923283577
Happy,0.5830241441726685,0.6694486141204834,-1.5156302879404393e-07,0.5817299485206604,0.6197302937507629,4.186236401437782e-05,0.5710635185241699,0.5796703100204468,-0.0017282748594880104,0.5586608052253723,0.5506638884544373,-0.0031352159567177296,0.5451703071594238,0.5435343384742737,-0.006319830194115639,0.5643453001976013,0.59426349401474,-0.01085684634745121,0.5307130813598633,0.5838753581047058,-0.01694163866341114,0.5117655396461487,0.5800548791885376,-0.022558212280273438,0.49758365750312805,0.5740057229995728,-0.026347724720835686,0.5588554739952087,0.6234038472175598,-0.013255278579890728,0.5216829776763916,0.6112786531448364,-0.01762946881353855,0.4992334842681885,0.6049761176109314,-0.02290637418627739,0.4844241142272949,0.599707841873169,-0.028535280376672745,0.5527019500732422,0.6471283435821533,-0.014669929631054401,0.5204624533653259,0.6342713832855225,-0.01883442886173725,0.5002101063728333,0.6260100603103638,-0.022892825305461884,0.48795291781425476,0.6181183457374573,-0.026710355654358864,0.546440064907074,0.6660104990005493,-0.015664778649806976,0.5232477188110352,0.6557588577270508,-0.018533796072006226,0.5105399489402771,0.6514831781387329,-0.018846020102500916,0.5029253363609314,0.6467655897140503,-0.019525930285453796,0.41856080293655396,0.6794147491455078,8.483739577513916e-08,0.4266258478164673,0.6366360187530518,-0.004720639903098345,0.4403999447822571,0.6030666828155518,-0.01071567926555872,0.4551715850830078,0.5779561400413513,-0.01497102901339531,0.466616690158844,0.5624459385871887,-0.018928220495581627,0.45505061745643616,0.6407040953636169,-0.02254098281264305,0.49048662185668945,0.6220161318778992,-0.02893884852528572,0.5062386989593506,0.6149753928184509,-0.02968250773847103,0.5169807076454163,0.6096788048744202,-0.028688516467809677,0.45884209871292114,0.670103132724762,-0.022160258144140244,0.49683254957199097,0.6452912092208862,-0.02726585976779461,0.5144197344779968,0.6329719424247742,-0.026249313727021217,0.525353729724884,0.6241755485534668,-0.02505040168762207,0.4605810046195984,0.6932305097579956,-0.020713932812213898,0.49215319752693176,0.6703094840049744,-0.02489241026341915,0.5068281888961792,0.6575996279716492,-0.023166917264461517,0.5153110027313232,0.6482250094413757,-0.021268121898174286,0.4613371789455414,0.7113229036331177,-0.018941348418593407,0.48397499322891235,0.6962595582008362,-0.0205382090061903,0.4938235580921173,0.6875495910644531,-0.017269592732191086,0.4993777871131897,0.6801852583885193,-0.01422677468508482
Happy,0.5731225609779358,0.6121063232421875,-1.1814420730615893e-07,0.5783819556236267,0.5637685656547546,-0.007183125242590904,0.5828919410705566,0.5228555202484131,-0.01289035938680172,0.5927451252937317,0.49167126417160034,-0.017370352521538734,0.6001320481300354,0.4731587767601013,-0.023559946566820145,0.57672518491745,0.5618273615837097,-0.020115824416279793,0.5506935119628906,0.5515437722206116,-0.028787635266780853,0.5325238108634949,0.5384454727172852,-0.0372438058257103,0.5179785490036011,0.5234642624855042,-0.043606821447610855,0.5674842596054077,0.5919665098190308,-0.02106739580631256,0.5399495363235474,0.5761198401451111,-0.027683978900313377,0.5197923183441162,0.5563093423843384,-0.03535512462258339,0.5038535594940186,0.5403610467910767,-0.043663520365953445,0.5583108067512512,0.6130557060241699,-0.021288977935910225,0.5338282585144043,0.5983121991157532,-0.028070243075489998,0.5162581205368042,0.5802581310272217,-0.03286382928490639,0.503754198551178,0.5656211376190186,-0.03775620087981224,0.5495086312294006,0.6262544393539429,-0.021888138726353645,0.5318290591239929,0.6184630393981934,-0.027306945994496346,0.5205173492431641,0.608231246471405,-0.028265921398997307,0.5123658180236816,0.5988848209381104,-0.02987843193113804,0.41712233424186707,0.6558731198310852,5.458399954250126e-08,0.42162424325942993,0.613297164440155,-0.003785365028306842,0.43110713362693787,0.5792189836502075,-0.008404016494750977,0.4432820975780487,0.5530865788459778,-0.0117789963260293,0.4527710974216461,0.5332036018371582,-0.014969229698181152,0.4487438499927521,0.6099637746810913,-0.015431143343448639,0.4763364791870117,0.5855979919433594,-0.020576510578393936,0.48920130729675293,0.5760146975517273,-0.02185089699923992,0.49831539392471313,0.5686134696006775,-0.021775973960757256,0.4548301100730896,0.6375427842140198,-0.015750911086797714,0.4864807724952698,0.6053929328918457,-0.018630050122737885,0.5023881196975708,0.5901462435722351,-0.018183263018727303,0.512400209903717,0.5801159143447876,-0.01820700243115425,0.4578794836997986,0.6605213284492493,-0.015649721026420593,0.4836181104183197,0.6343767046928406,-0.018308499827980995,0.497731477022171,0.6193287968635559,-0.01824539341032505,0.5068085193634033,0.607366681098938,-0.01853972300887108,0.45877665281295776,0.6795956492424011,-0.015370870940387249,0.47567635774612427,0.6668617129325867,-0.01745128631591797,0.4862610399723053,0.6578259468078613,-0.016607381403446198,0.4942183792591095,0.649178683757782,-0.015964610502123833
Happy,0.5956539511680603,0.6273124814033508,-5.403159164529825e-08,0.6027553081512451,0.5730075836181641,-0.004402605816721916,0.5974188446998596,0.5242335200309753,-0.007937252521514893,0.5883863568305969,0.4881701171398163,-0.01039213128387928,0.5788640379905701,0.4700443148612976,-0.01397518441081047,0.5862000584602356,0.544243574142456,-0.015844393521547318,0.5592096447944641,0.5146364569664001,-0.02357347682118416,0.5435029864311218,0.49618804454803467,-0.029216855764389038,0.5317034721374512,0.47803980112075806,-0.03314656391739845,0.5767525434494019,0.5672646164894104,-0.01689767837524414,0.5483319163322449,0.534000813961029,-0.023571854457259178,0.5312241315841675,0.5107385516166687,-0.029223373159766197,0.5193101167678833,0.4920201301574707,-0.0347161665558815,0.5685740113258362,0.5863121747970581,-0.017453840002417564,0.5436819195747375,0.5584677457809448,-0.023779764771461487,0.5280156135559082,0.537814199924469,-0.028545396402478218,0.5170508623123169,0.5211011171340942,-0.03251902759075165,0.5623927116394043,0.6008463501930237,-0.017964273691177368,0.5443693399429321,0.5812966227531433,-0.02266446128487587,0.533092200756073,0.5689122080802917,-0.024729056283831596,0.5244253873825073,0.5582776665687561,-0.026623953133821487,0.4072141647338867,0.6531584858894348,1.7583074551907885e-08,0.40968841314315796,0.6061373949050903,-0.005301816388964653,0.41983771324157715,0.5682134032249451,-0.00974787212908268,0.43146830797195435,0.5398728847503662,-0.013473310507833958,0.43792396783828735,0.5155962109565735,-0.017220819368958473,0.4377041757106781,0.5932784080505371,-0.012269510887563229,0.46194836497306824,0.5652862191200256,-0.01822527125477791,0.47453510761260986,0.5508387684822083,-0.021288787946105003,0.48485416173934937,0.5399185419082642,-0.023129692301154137,0.4465925991535187,0.6182527542114258,-0.013221495784819126,0.4735329747200012,0.5848416090011597,-0.01824750006198883,0.48868507146835327,0.5653373599052429,-0.021631935611367226,0.5006381869316101,0.5505761504173279,-0.024205341935157776,0.4517954885959625,0.6409435272216797,-0.014119373634457588,0.47512292861938477,0.611803412437439,-0.019177697598934174,0.48782017827033997,0.5940118432044983,-0.02198643423616886,0.4969237148761749,0.5790746212005615,-0.023804830387234688,0.45462143421173096,0.6614646911621094,-0.015128463506698608,0.47031480073928833,0.6433558464050293,-0.01911698468029499,0.4797551929950714,0.6322625875473022,-0.01998523250222206,0.48713603615760803,0.6225519180297852,-0.020287148654460907
Happy,0.5971869230270386,0.5815067291259766,-3.3387671294349275e-08,0.6067277193069458,0.5403909683227539,-0.005371037404984236,0.6087331175804138,0.5036248564720154,-0.009688873775303364,0.6035043001174927,0.4750696122646332,-0.012527285143733025,0.5949906706809998,0.45556506514549255,-0.015804043039679527,0.5955732464790344,0.5172303318977356,-0.018848946318030357,0.574763834476471,0.4828472435474396,-0.026602936908602715,0.5623984932899475,0.46304893493652344,-0.03147289156913757,0.553783118724823,0.44416534900665283,-0.03462013229727745,0.5842733383178711,0.5388841032981873,-0.019548237323760986,0.5617724657058716,0.5011792778968811,-0.02850371226668358,0.5477694869041443,0.47366613149642944,-0.03455528989434242,0.5381596088409424,0.4515952467918396,-0.03967328742146492,0.5750229358673096,0.5549218058586121,-0.01951124519109726,0.5551924109458923,0.5269389152526855,-0.027126355096697807,0.5431649684906006,0.5039648413658142,-0.03126882016658783,0.5348340272903442,0.4849328398704529,-0.03420108184218407,0.5681166052818298,0.5669335126876831,-0.019459307193756104,0.5532110929489136,0.5459003448486328,-0.02401203103363514,0.5450064539909363,0.5316336750984192,-0.02513260580599308,0.5384500026702881,0.5199253559112549,-0.02613098733127117,0.40383684635162354,0.6412942409515381,1.8409579638500873e-08,0.4027300775051117,0.5945559740066528,-0.006436882074922323,0.4093891680240631,0.5542754530906677,-0.011384773999452591,0.41856691241264343,0.5236579179763794,-0.01532481238245964,0.4230756163597107,0.4994926154613495,-0.019258152693510056,0.42659780383110046,0.5801129937171936,-0.014322667382657528,0.44841468334198,0.5460657477378845,-0.02056625857949257,0.459890753030777,0.5282000303268433,-0.023508574813604355,0.46958619356155396,0.5148890614509583,-0.02518678829073906,0.43738606572151184,0.6026321649551392,-0.014530466869473457,0.46169692277908325,0.5619208216667175,-0.019927142187952995,0.47566646337509155,0.5383918285369873,-0.02320013754069805,0.4871634542942047,0.5210511684417725,-0.02568637579679489,0.44475308060646057,0.6226516962051392,-0.014664582908153534,0.4655582010746002,0.5864866971969604,-0.020037077367305756,0.4775467813014984,0.5658368468284607,-0.022778065875172615,0.4865315854549408,0.5494635701179504,-0.024465788155794144,0.4498250484466553,0.640339732170105,-0.01498974859714508,0.4641627073287964,0.6177818775177002,-0.01913423277437687,0.472769170999527,0.6046205759048462,-0.02011740393936634,0.4797472655773163,0.5935826897621155,-0.020491071045398712
Happy,0.6128096580505371,0.5403769016265869,-9.277483314917845e-08,0.6269882321357727,0.5064303874969482,-0.005504548083990812,0.6317764520645142,0.47619518637657166,-0.011131292209029198,0.6284387707710266,0.4484442174434662,-0.015352793969213963,0.6222423315048218,0.42915260791778564,-0.020410645753145218,0.6185621619224548,0.48889145255088806,-0.023177439346909523,0.5995988845825195,0.44973820447921753,-0.03316916525363922,0.5891388654708862,0.4278382360935211,-0.03974603861570358,0.582050621509552,0.4077133536338806,-0.04369455203413963,0.6058827042579651,0.5091109871864319,-0.02428797259926796,0.5850256085395813,0.46608033776283264,-0.03352122753858566,0.5732467770576477,0.43508973717689514,-0.039004724472761154,0.565759539604187,0.4117140769958496,-0.04384227842092514,0.5955185890197754,0.5232332944869995,-0.024448107928037643,0.5752596855163574,0.4910145699977875,-0.03307132050395012,0.5642887353897095,0.46236300468444824,-0.0366763100028038,0.5575863718986511,0.4382745921611786,-0.03933991864323616,0.5869424939155579,0.5329720377922058,-0.024486204609274864,0.5717155337333679,0.5134600400924683,-0.030567331239581108,0.5646968483924866,0.4959782660007477,-0.0314045324921608,0.5600368976593018,0.4798530042171478,-0.03212013095617294,0.3931812047958374,0.637117862701416,-6.66626007728155e-08,0.3897063732147217,0.5872628092765808,-0.003469133982434869,0.3946222960948944,0.5434784293174744,-0.006575985811650753,0.4017736613750458,0.5085021257400513,-0.009328064508736134,0.4048037827014923,0.4821505546569824,-0.012071901932358742,0.41407763957977295,0.5605981349945068,-0.00856795534491539,0.4325926899909973,0.5207391977310181,-0.012916102074086666,0.44171983003616333,0.500735342502594,-0.015218056738376617,0.4500356912612915,0.48573601245880127,-0.016791265457868576,0.42672884464263916,0.579662561416626,-0.009590390138328075,0.44725915789604187,0.5313551425933838,-0.013811413198709488,0.4588569700717926,0.5051003098487854,-0.01644425466656685,0.46852967143058777,0.48616254329681396,-0.018678825348615646,0.4357281029224396,0.5987802743911743,-0.01052740029990673,0.45455387234687805,0.5552245378494263,-0.015094137750566006,0.4641972780227661,0.5317055583000183,-0.017404818907380104,0.47104310989379883,0.5132831335067749,-0.018902946263551712,0.4419232904911041,0.6174803376197815,-0.011473825201392174,0.45444393157958984,0.5919774770736694,-0.01457260362803936,0.46137911081314087,0.5763764977455139,-0.015051431953907013,0.4664071798324585,0.5634700655937195,-0.015252741985023022
Happy,0.635459840297699,0.5612381100654602,-2.519061048644744e-08,0.6512700915336609,0.5187239646911621,-0.002625725930556655,0.6564783453941345,0.47698649764060974,-0.004819463472813368,0.6561822295188904,0.4409949481487274,-0.00645517697557807,0.6541067957878113,0.41340819001197815,-0.008697682060301304,0.6461211442947388,0.4749445617198944,-0.010971492156386375,0.6328200101852417,0.4276185631752014,-0.017444150522351265,0.6250145435333252,0.3996637165546417,-0.022241760045289993,0.6197383403778076,0.37532198429107666,-0.02530702017247677,0.6318325400352478,0.488866925239563,-0.01250311080366373,0.6165523529052734,0.4384019374847412,-0.01880808174610138,0.6071646213531494,0.4041227400302887,-0.02358110249042511,0.6004974246025085,0.3780599534511566,-0.027667203918099403,0.6188638806343079,0.5008203983306885,-0.013692084699869156,0.6035932302474976,0.4588141143321991,-0.019426550716161728,0.5948351621627808,0.4289834797382355,-0.022874757647514343,0.5885737538337708,0.40653055906295776,-0.0252840556204319,0.6082217693328857,0.5109586715698242,-0.014771010726690292,0.5963596701622009,0.47968652844429016,-0.018732169643044472,0.5903804898262024,0.4606410562992096,-0.019635135307908058,0.5854900479316711,0.44650930166244507,-0.020085832104086876,0.3828205168247223,0.6218851804733276,2.829668055426282e-08,0.3746272325515747,0.5772284865379333,-0.00410453649237752,0.37410327792167664,0.5315320491790771,-0.007979539223015308,0.3758808970451355,0.49470263719558716,-0.01131656114012003,0.3741433918476105,0.46890366077423096,-0.014669155701994896,0.3906039893627167,0.5477578639984131,-0.012064680457115173,0.4061199426651001,0.5033307671546936,-0.017961464822292328,0.41433295607566833,0.48002922534942627,-0.020526373758912086,0.4210840165615082,0.46292781829833984,-0.021881477907299995,0.404367059469223,0.5645925402641296,-0.013474071398377419,0.42048051953315735,0.5118438005447388,-0.01835942454636097,0.4300578534603119,0.4816294312477112,-0.021185532212257385,0.4378381669521332,0.4590521454811096,-0.023367460817098618,0.41556474566459656,0.581225574016571,-0.014734363183379173,0.42964035272598267,0.535248339176178,-0.01965176872909069,0.43781009316444397,0.508350133895874,-0.022076889872550964,0.44367071986198425,0.4871840178966522,-0.02363394945859909,0.4246741533279419,0.5973252058029175,-0.015994064509868622,0.43479123711586,0.5701821446418762,-0.01983528397977352,0.44078996777534485,0.551853597164154,-0.020624833181500435,0.4450688064098358,0.5362415313720703,-0.020895518362522125
Happy,0.6507951617240906,0.5547707080841064,-5.602410624305776e-08,0.6765615940093994,0.5161994695663452,-0.0017613022355362773,0.6875129342079163,0.47136473655700684,-0.0034438748843967915,0.6914171576499939,0.4318256378173828,-0.0054117366671562195,0.6928794980049133,0.40164968371391296,-0.008504287339746952,0.6785684823989868,0.4613436460494995,-0.0071966201066970825,0.6715083122253418,0.4089844822883606,-0.014257710427045822,0.667426586151123,0.37744712829589844,-0.020624348893761635,0.6654677391052246,0.35059377551078796,-0.025177868083119392,0.6636415123939514,0.47059524059295654,-0.00997650995850563,0.6556006073951721,0.4173600971698761,-0.01670936495065689,0.6497970223426819,0.37958359718322754,-0.023515189066529274,0.6458353996276855,0.3506789207458496,-0.02960927039384842,0.6495532989501953,0.4797123074531555,-0.012763953767716885,0.6407421231269836,0.4377574026584625,-0.019957302138209343,0.6346626877784729,0.40242353081703186,-0.026009412482380867,0.6299213171005249,0.37493863701820374,-0.030503049492836,0.6367788314819336,0.4877427816390991,-0.015409551560878754,0.6308677196502686,0.45836153626441956,-0.021311217918992043,0.626213788986206,0.4362546503543854,-0.024327874183654785,0.6215090751647949,0.41693246364593506,-0.02654559724032879,0.36484673619270325,0.6030005812644958,5.0574648469137173e-08,0.3522109389305115,0.5646178722381592,-0.005202259868383408,0.34754082560539246,0.522283673286438,-0.010248443111777306,0.34595948457717896,0.48619744181632996,-0.014260941185057163,0.3413179814815521,0.45964646339416504,-0.018306780606508255,0.36212289333343506,0.5326942205429077,-0.016927259042859077,0.37176162004470825,0.4822002947330475,-0.0237360168248415,0.3775171935558319,0.45659008622169495,-0.025856221094727516,0.3821581304073334,0.43794700503349304,-0.026525281369686127,0.37739911675453186,0.5458918809890747,-0.017836060374975204,0.3879048526287079,0.4866771697998047,-0.02402680180966854,0.3940024673938751,0.4538908302783966,-0.026275640353560448,0.3985545337200165,0.43060141801834106,-0.027632668614387512,0.39053332805633545,0.5593822002410889,-0.018362445756793022,0.4003906548023224,0.508754551410675,-0.024417102336883545,0.4060373604297638,0.47954225540161133,-0.026481688022613525,0.40970075130462646,0.45838332176208496,-0.027405209839344025,0.4017552137374878,0.5721068978309631,-0.018791984766721725,0.4088152050971985,0.5384058952331543,-0.023232826963067055,0.41268035769462585,0.5187740325927734,-0.02372736670076847,0.41513702273368835,0.5035088658332825,-0.02359742857515812
Happy,0.6848325729370117,0.5156006217002869,9.729543393177664e-09,0.7060937285423279,0.4867085814476013,-0.0029104892164468765,0.7165476083755493,0.4543311893939972,-0.007316136732697487,0.724044680595398,0.42537641525268555,-0.01131727360188961,0.7293456196784973,0.39838528633117676,-0.015980200842022896,0.7100273370742798,0.4437902271747589,-0.016904113814234734,0.7124925255775452,0.39084967970848083,-0.025315364822745323,0.713145911693573,0.36146682500839233,-0.030043747276067734,0.7153379917144775,0.33656442165374756,-0.032943688333034515,0.6955292820930481,0.44507184624671936,-0.019215762615203857,0.6945196986198425,0.39035898447036743,-0.028901003301143646,0.6945111155509949,0.3527783155441284,-0.034386735409498215,0.6954880952835083,0.3239983022212982,-0.03864847123622894,0.6812310814857483,0.44898518919944763,-0.020731301978230476,0.6749482154846191,0.40491074323654175,-0.02884293533861637,0.6733750700950623,0.3736996650695801,-0.03188476711511612,0.6737070679664612,0.3488976061344147,-0.033959098160266876,0.6686259508132935,0.45460033416748047,-0.022038832306861877,0.6622635126113892,0.4240145981311798,-0.028268354013562202,0.6604491472244263,0.40564289689064026,-0.029564660042524338,0.6598995923995972,0.3882483243942261,-0.030189912766218185,0.3492662310600281,0.5916600227355957,-5.188756979634945e-09,0.3311214745044708,0.5599567294120789,-0.006043516099452972,0.32021984457969666,0.5186089277267456,-0.011530623771250248,0.3131702244281769,0.47989416122436523,-0.016075754538178444,0.30417436361312866,0.4525678753852844,-0.020593365654349327,0.33286941051483154,0.516473650932312,-0.01685231737792492,0.33480018377304077,0.46490079164505005,-0.02434719353914261,0.33561137318611145,0.43927645683288574,-0.027184870094060898,0.3366548717021942,0.4197537899017334,-0.02858203835785389,0.34783032536506653,0.5224435925483704,-0.01742035150527954,0.3496537208557129,0.46232566237449646,-0.025224002078175545,0.3511544167995453,0.42813366651535034,-0.028297051787376404,0.3529798090457916,0.402915358543396,-0.030181629583239555,0.3616263270378113,0.5319852232933044,-0.01792423613369465,0.3637966215610504,0.48270511627197266,-0.02607637457549572,0.36465731263160706,0.45288896560668945,-0.02959728054702282,0.3648127615451813,0.4296259880065918,-0.031179161742329597,0.3745577931404114,0.5432750582695007,-0.018328022211790085,0.37620872259140015,0.5131515860557556,-0.024412373080849648,0.37619683146476746,0.49478965997695923,-0.026372263208031654,0.3753025531768799,0.47956007719039917,-0.027171801775693893
Happy,0.7150046825408936,0.4819575250148773,8.387002736753857e-08,0.7374768257141113,0.4685481786727905,-0.006199021358042955,0.7500286102294922,0.4493849575519562,-0.013407977297902107,0.7586133480072021,0.42803776264190674,-0.01943679340183735,0.7654839754104614,0.40219196677207947,-0.026037082076072693,0.7422124743461609,0.4406544268131256,-0.02708965167403221,0.7515223622322083,0.3896384537220001,-0.03833169490098953,0.7559327483177185,0.35850346088409424,-0.04397003725171089,0.7603887319564819,0.33300501108169556,-0.04724697768688202,0.7274639010429382,0.4361831545829773,-0.02871309593319893,0.7339269518852234,0.3852110207080841,-0.04333227500319481,0.7387654185295105,0.3456970751285553,-0.05094648897647858,0.7426126599311829,0.3151472508907318,-0.05603655427694321,0.7134323716163635,0.43402376770973206,-0.029086798429489136,0.7124598026275635,0.39254769682884216,-0.040925897657871246,0.7143059968948364,0.36017632484436035,-0.04539541155099869,0.7167391180992126,0.3345498740673065,-0.047791995108127594,0.7017081379890442,0.4338536262512207,-0.029278550297021866,0.6983087658882141,0.40712448954582214,-0.03819096088409424,0.6983526349067688,0.38894039392471313,-0.0406470000743866,0.6990718245506287,0.37152740359306335,-0.04176470264792442,0.3246764838695526,0.5824089050292969,-1.6089298782162587e-08,0.3025037944316864,0.5554408431053162,-0.0035639563575387,0.2901064455509186,0.5174573659896851,-0.006150478962808847,0.28091341257095337,0.47911787033081055,-0.008373009040951729,0.2690894901752472,0.4554264545440674,-0.010310040786862373,0.3004510998725891,0.4945472478866577,-0.004953750874847174,0.29476791620254517,0.44680655002593994,-0.00864572823047638,0.29201048612594604,0.4251628816127777,-0.010474842973053455,0.2907956540584564,0.4092036187648773,-0.011508195661008358,0.31408727169036865,0.49218830466270447,-0.005132562015205622,0.30810293555259705,0.43826866149902344,-0.008444717153906822,0.30608829855918884,0.4104903042316437,-0.010074595920741558,0.30563458800315857,0.39039623737335205,-0.011188818141818047,0.3275763690471649,0.497830331325531,-0.00571212125942111,0.3239920139312744,0.4533710777759552,-0.009704750031232834,0.3218722343444824,0.4305197596549988,-0.011899149976670742,0.31929805874824524,0.41454029083251953,-0.013050546869635582,0.3412940502166748,0.5083370208740234,-0.006369062699377537,0.3400711417198181,0.48351535201072693,-0.008616657927632332,0.3380735516548157,0.471330463886261,-0.00920809619128704,0.3357575833797455,0.46265631914138794,-0.009387606754899025
Happy,0.7375050187110901,0.48543232679367065,1.4467890707692277e-07,0.761297881603241,0.4750824272632599,-0.006918906234204769,0.7756648063659668,0.454617977142334,-0.015192762948572636,0.7859505414962769,0.4332907199859619,-0.02177583985030651,0.7942776679992676,0.40669307112693787,-0.028801780194044113,0.7693231105804443,0.44524624943733215,-0.032611772418022156,0.7845433950424194,0.39181429147720337,-0.04547836631536484,0.792079746723175,0.3611341714859009,-0.05141565576195717,0.7989654541015625,0.3366834819316864,-0.05475665256381035,0.7541891932487488,0.4361230731010437,-0.03405601903796196,0.7673879265785217,0.3840871751308441,-0.050445806235075,0.7759607434272766,0.3457321226596832,-0.05867225304245949,0.7830229997634888,0.3168011009693146,-0.06410373002290726,0.7399775385856628,0.4301151633262634,-0.03398698568344116,0.7456424832344055,0.3864993453025818,-0.046846918761730194,0.7508237361907959,0.35406309366226196,-0.05247928947210312,0.7556310892105103,0.33009976148605347,-0.05574067682027817,0.7283376455307007,0.42772629857063293,-0.033571433275938034,0.7290878295898438,0.3972609341144562,-0.0436658151447773,0.7318345904350281,0.3779338002204895,-0.04758210852742195,0.7346644401550293,0.3601551651954651,-0.0498015433549881,0.3027482330799103,0.5755577087402344,-2.872336146708676e-09,0.2826627194881439,0.5541853308677673,-0.004528379067778587,0.2663115859031677,0.5194575190544128,-0.007835389114916325,0.2525753974914551,0.4843614101409912,-0.00999893993139267,0.23886170983314514,0.4639948904514313,-0.01199503242969513,0.2713411748409271,0.5046875476837158,-0.012503975071012974,0.25967827439308167,0.45335566997528076,-0.017473913729190826,0.2548385262489319,0.4270358681678772,-0.018879564478993416,0.2522616684436798,0.40775996446609497,-0.019383305683732033,0.28316208720207214,0.4994954466819763,-0.0122042465955019,0.27088454365730286,0.4418250322341919,-0.01728205941617489,0.2656176686286926,0.4093310236930847,-0.019160989671945572,0.2625661790370941,0.38661372661590576,-0.020292818546295166,0.2964489758014679,0.4991665184497833,-0.011811729520559311,0.28663280606269836,0.45348936319351196,-0.017032906413078308,0.28199073672294617,0.4253453016281128,-0.020609427243471146,0.27821922302246094,0.4052163362503052,-0.022656256332993507,0.31058526039123535,0.5014770030975342,-0.011290994472801685,0.3044563829898834,0.4746437072753906,-0.015076608397066593,0.3004605770111084,0.46141719818115234,-0.0170537531375885,0.297230064868927,0.4523186683654785,-0.01808568462729454
Happy,0.7543327212333679,0.4917249083518982,1.4677189597023244e-07,0.7794567346572876,0.48324841260910034,-0.005514787044376135,0.7949009537696838,0.46216073632240295,-0.014471743255853653,0.8055430054664612,0.44281449913978577,-0.02170698344707489,0.8152199387550354,0.4159662425518036,-0.02970850095152855,0.7903259992599487,0.44955095648765564,-0.03837909549474716,0.8078792691230774,0.3994859755039215,-0.05358569696545601,0.8171586990356445,0.3680567145347595,-0.06119987368583679,0.8255614042282104,0.34326499700546265,-0.06613830476999283,0.775789737701416,0.43874239921569824,-0.04147636890411377,0.7920255064964294,0.3888590931892395,-0.06300966441631317,0.8029524683952332,0.3516414165496826,-0.0760430321097374,0.8127764463424683,0.3221242427825928,-0.08510788530111313,0.7618438005447388,0.43088528513908386,-0.04204106703400612,0.7692981362342834,0.3853929042816162,-0.058916475623846054,0.7763485312461853,0.35300466418266296,-0.06799625605344772,0.7822831869125366,0.32967790961265564,-0.07368694990873337,0.7497888803482056,0.42746543884277344,-0.04170316457748413,0.7525501251220703,0.3940275013446808,-0.05448745936155319,0.7564491033554077,0.3752148151397705,-0.06063507869839668,0.7602629661560059,0.357302188873291,-0.06481115520000458,0.2834615111351013,0.5737606287002563,-1.0539308092916144e-08,0.2601464092731476,0.5536123514175415,-0.003837857861071825,0.2424275428056717,0.5195791125297546,-0.009028613567352295,0.22966213524341583,0.4865800738334656,-0.013607087545096874,0.2153778225183487,0.46651288866996765,-0.018174510449171066,0.24753998219966888,0.5107513070106506,-0.017739638686180115,0.23399542272090912,0.45549991726875305,-0.027116581797599792,0.22778210043907166,0.42776066064834595,-0.030785460025072098,0.2233833372592926,0.4071761667728424,-0.03241756930947304,0.2599825859069824,0.5086619853973389,-0.02011236734688282,0.24443702399730682,0.4453844726085663,-0.029773900285363197,0.2371293604373932,0.41021299362182617,-0.03345097228884697,0.2323903739452362,0.3845505118370056,-0.03539370000362396,0.27421945333480835,0.5084067583084106,-0.02221463806927204,0.2605341076850891,0.456727534532547,-0.031160565093159676,0.2538485825061798,0.42647475004196167,-0.03496301546692848,0.2486453503370285,0.4034302830696106,-0.03668997809290886,0.2894520163536072,0.5094243884086609,-0.024123886600136757,0.27953046560287476,0.4766247272491455,-0.03114951029419899,0.2738170325756073,0.45935896039009094,-0.033667851239442825,0.2692623734474182,0.44562825560569763,-0.03478175401687622
Happy,0.7677360773086548,0.4826544523239136,1.456105565011967e-07,0.7923175096511841,0.47770237922668457,-0.004980470985174179,0.8080111145973206,0.4618340730667114,-0.014974204823374748,0.818992555141449,0.44703951478004456,-0.02321850135922432,0.8292165398597717,0.420343816280365,-0.0323106087744236,0.8037794232368469,0.4469047784805298,-0.04304477944970131,0.8235941529273987,0.39994102716445923,-0.059438031166791916,0.8331157565116882,0.37145379185676575,-0.0673321932554245,0.8418070077896118,0.3496483862400055,-0.07258959114551544,0.7893683910369873,0.435172438621521,-0.046940483152866364,0.8079059720039368,0.38808706402778625,-0.07094961404800415,0.8191297650337219,0.3529987931251526,-0.08543942123651505,0.8293083906173706,0.3249772787094116,-0.09581902623176575,0.7758439183235168,0.4264211356639862,-0.04787968099117279,0.7852727770805359,0.3847370147705078,-0.06682176887989044,0.7930724024772644,0.3540832996368408,-0.07796899229288101,0.799261212348938,0.332065224647522,-0.08538290858268738,0.7640833258628845,0.42218905687332153,-0.04757855087518692,0.7670935392379761,0.39142557978630066,-0.06167934089899063,0.7715871334075928,0.37386882305145264,-0.0695597305893898,0.7758675217628479,0.35668933391571045,-0.07554329186677933,0.2741641700267792,0.570473313331604,-4.547968224244414e-09,0.2508920133113861,0.5534468293190002,-0.004445236641913652,0.2318013310432434,0.5222926735877991,-0.008561932481825352,0.21786785125732422,0.49152660369873047,-0.011897125281393528,0.204238623380661,0.47149887681007385,-0.01493248250335455,0.23542152345180511,0.5093888640403748,-0.014913797378540039,0.21968406438827515,0.45878851413726807,-0.023341182619333267,0.2123543620109558,0.43156933784484863,-0.026328058913350105,0.20749607682228088,0.41102632880210876,-0.027538355439901352,0.24751943349838257,0.5034288763999939,-0.016333255916833878,0.22945965826511383,0.4462243318557739,-0.025539293885231018,0.22130733728408813,0.4122151732444763,-0.028874097391963005,0.2160947471857071,0.38660353422164917,-0.03039335459470749,0.26102954149246216,0.4999918043613434,-0.017764786258339882,0.24518126249313354,0.45405521988868713,-0.02696525864303112,0.237553209066391,0.42553067207336426,-0.030861912295222282,0.23169228434562683,0.40360337495803833,-0.032252006232738495,0.2762659788131714,0.4983448386192322,-0.01906665228307247,0.2649904489517212,0.47148969769477844,-0.026463771238923073,0.25874364376068115,0.4553332030773163,-0.02944963052868843,0.253337025642395,0.4416360557079315,-0.030647214502096176
Happy,0.7701108455657959,0.4865455627441406,1.5747482962069626e-07,0.7967926263809204,0.4793056547641754,-0.0011342790676280856,0.8120006918907166,0.4625089466571808,-0.010385837405920029,0.8224849700927734,0.4477406442165375,-0.017629701644182205,0.8333609700202942,0.4230380952358246,-0.02568737603724003,0.8081921935081482,0.45088961720466614,-0.04739057272672653,0.8274887800216675,0.4052913188934326,-0.065015509724617,0.8379290699958801,0.37554651498794556,-0.07258344441652298,0.8469342589378357,0.3531355857849121,-0.07726791501045227,0.7928376793861389,0.4392569065093994,-0.052129313349723816,0.812407374382019,0.3905411660671234,-0.07928094267845154,0.8248502016067505,0.3557997941970825,-0.09335959702730179,0.8354852199554443,0.3282119631767273,-0.1027335599064827,0.7789015173912048,0.42936646938323975,-0.05292953923344612,0.7893638610839844,0.3858402371406555,-0.07394538074731827,0.7979259490966797,0.35497498512268066,-0.08412740379571915,0.8043057918548584,0.333057165145874,-0.09012804925441742,0.7668685913085938,0.42397433519363403,-0.0517737939953804,0.7709944844245911,0.39302343130111694,-0.06584439426660538,0.7758020758628845,0.3749033212661743,-0.07277218997478485,0.7796566486358643,0.35787782073020935,-0.07787804305553436,0.2694268822669983,0.5643667578697205,-1.3730774739428853e-08,0.2457602471113205,0.5489498376846313,-0.0035127291921526194,0.22736315429210663,0.5199935436248779,-0.007376317400485277,0.21424317359924316,0.4902278482913971,-0.01054961048066616,0.20061810314655304,0.47252988815307617,-0.01337268203496933,0.23068225383758545,0.5078304409980774,-0.014471220783889294,0.2141418159008026,0.45809292793273926,-0.022582771256566048,0.20635053515434265,0.4325283169746399,-0.025314034894108772,0.20122498273849487,0.4131867587566376,-0.026313329115509987,0.24278733134269714,0.5031349062919617,-0.01616976037621498,0.22433879971504211,0.4458032548427582,-0.025011183694005013,0.21601007878780365,0.4124572277069092,-0.027848582714796066,0.21041816473007202,0.38764578104019165,-0.028934940695762634,0.2563154101371765,0.5005640387535095,-0.017765609547495842,0.2398958057165146,0.4546034336090088,-0.02597885951399803,0.23215170204639435,0.42577117681503296,-0.028907019644975662,0.22613421082496643,0.4033188223838806,-0.029706742614507675,0.27185744047164917,0.4999275803565979,-0.019217604771256447,0.2607855796813965,0.4727705121040344,-0.025025805458426476,0.2540695071220398,0.4555094540119171,-0.02684948220849037,0.2481418251991272,0.44081026315689087,-0.027349740266799927
